{
    "Price-CAT": {
        "Rates": [
            0.066223, 
            0.090773, 
            0.124425, 
            0.170553, 
            0.233781, 
            0.32045, 
            0.439249, 
            0.60209, 
            0.825301, 
            1.131261, 
            1.550648, 
            2.125513, 
            2.913495, 
            3.993601, 
            5.474132, 
            7.503532, 
            10.285284, 
            14.098303, 
            19.324905, 
            26.489141
        ], 
        "SiteCategories": [
            9, 
            9, 
            9, 
            9, 
            9, 
            12, 
            8, 
            8, 
            8, 
            9, 
            9, 
            11, 
            12, 
            11, 
            8, 
            10, 
            13, 
            13, 
            12, 
            12, 
            9, 
            9, 
            8, 
            10, 
            10, 
            9, 
            11, 
            8, 
            13, 
            10, 
            8, 
            10, 
            11, 
            10, 
            11, 
            9, 
            9, 
            8, 
            8, 
            9, 
            9, 
            11, 
            8, 
            12, 
            9, 
            8, 
            8, 
            9, 
            9, 
            8, 
            13, 
            11, 
            9, 
            9, 
            8, 
            9, 
            9, 
            14, 
            13, 
            9, 
            8, 
            10, 
            12, 
            10, 
            8, 
            8, 
            9, 
            9, 
            9, 
            12, 
            8, 
            11, 
            13, 
            13, 
            11, 
            9, 
            8, 
            8, 
            11, 
            10, 
            8, 
            9, 
            9, 
            8, 
            8, 
            9, 
            11, 
            8, 
            12, 
            8, 
            10, 
            9, 
            9, 
            9, 
            9, 
            9, 
            9, 
            10, 
            9, 
            9, 
            10, 
            8, 
            9, 
            10, 
            8, 
            8, 
            9, 
            8, 
            9, 
            10, 
            8, 
            9, 
            9, 
            9, 
            9, 
            8, 
            8, 
            9, 
            9, 
            9, 
            9, 
            10, 
            9, 
            8, 
            9, 
            9, 
            8, 
            8, 
            8, 
            9, 
            10, 
            9, 
            8, 
            8, 
            8, 
            8, 
            10, 
            9, 
            10, 
            9, 
            9, 
            9, 
            10, 
            9, 
            9, 
            8, 
            9, 
            9, 
            8, 
            9, 
            9, 
            8, 
            12, 
            11, 
            9, 
            10, 
            9, 
            9, 
            10, 
            11, 
            8, 
            8, 
            10, 
            10, 
            10, 
            8, 
            9, 
            9, 
            8, 
            9, 
            9, 
            12, 
            11, 
            9, 
            12, 
            9, 
            9, 
            11, 
            11, 
            8, 
            8, 
            9, 
            9, 
            8, 
            10, 
            8, 
            9, 
            9, 
            10, 
            10, 
            9, 
            8, 
            9, 
            8, 
            10, 
            10, 
            8, 
            9, 
            8, 
            9, 
            9, 
            9, 
            8, 
            9, 
            9, 
            11, 
            9, 
            9, 
            9, 
            9, 
            9, 
            10, 
            8, 
            15, 
            8, 
            11, 
            9, 
            9, 
            9, 
            8, 
            8, 
            9, 
            8, 
            9, 
            9, 
            9, 
            12, 
            8, 
            8, 
            8, 
            8, 
            8, 
            8, 
            10, 
            10, 
            10, 
            11, 
            10, 
            10, 
            10, 
            10, 
            9, 
            10, 
            9, 
            9, 
            10, 
            9, 
            9, 
            8, 
            9, 
            9, 
            8, 
            11, 
            9, 
            8, 
            9, 
            10, 
            10, 
            10, 
            12, 
            10, 
            10, 
            11, 
            9, 
            9, 
            10, 
            9, 
            9, 
            9, 
            10, 
            10, 
            8, 
            8, 
            9, 
            9, 
            8, 
            8, 
            9, 
            9, 
            10, 
            8, 
            10, 
            8, 
            9, 
            8, 
            9, 
            10, 
            8, 
            9, 
            9, 
            8, 
            9, 
            9, 
            8, 
            8, 
            9, 
            8, 
            9, 
            9, 
            8, 
            9, 
            9, 
            8, 
            9, 
            8, 
            9, 
            10, 
            9, 
            10, 
            9, 
            9, 
            10, 
            10, 
            8, 
            8, 
            9, 
            9, 
            8, 
            9, 
            8, 
            10, 
            11, 
            8, 
            8, 
            8, 
            9, 
            9, 
            9, 
            9, 
            8, 
            10, 
            9, 
            8, 
            8, 
            9, 
            9, 
            9, 
            8, 
            10, 
            8, 
            9, 
            9, 
            9, 
            9, 
            11, 
            9, 
            11, 
            12, 
            11, 
            9, 
            8, 
            9, 
            9, 
            9, 
            11, 
            11, 
            9, 
            11, 
            10, 
            12, 
            11, 
            12, 
            11, 
            11, 
            9, 
            9, 
            8, 
            8, 
            12, 
            11, 
            10, 
            12, 
            9, 
            8, 
            9, 
            9, 
            9, 
            9, 
            10, 
            8, 
            8, 
            8, 
            11, 
            12, 
            12, 
            9, 
            8, 
            8, 
            11, 
            9, 
            10, 
            8, 
            11, 
            12, 
            11, 
            9, 
            9, 
            9, 
            9, 
            11, 
            8, 
            9, 
            8, 
            12, 
            11, 
            10, 
            11, 
            9, 
            9, 
            9, 
            9, 
            8, 
            8, 
            12, 
            11, 
            10, 
            11, 
            11, 
            12, 
            8, 
            8, 
            11, 
            9, 
            9, 
            10, 
            8, 
            14, 
            8, 
            10, 
            10, 
            10, 
            9, 
            9, 
            9, 
            9, 
            9, 
            10, 
            10, 
            9, 
            10, 
            11, 
            11, 
            9, 
            9, 
            9, 
            8, 
            10, 
            11, 
            10, 
            10, 
            9, 
            9, 
            8, 
            9, 
            8, 
            9, 
